<!-- <?xml version="1.0" encoding="UTF-8"?>
<!DOCTYPE mapper PUBLIC "-//mybatis.org//DTD Mapper 3.0//EN"
  "http://mybatis.org/dtd/mybatis-3-mapper.dtd">
<mapper namespace="com.classproject.testServer.MainDAO">
    <select id="selectUserById" parameterType="String" resultType="User">
        select * from users where userid=#{userid}
    </select>
    <select id="selectUserList" resultType="User">
        select * from users order by userid
    </select>
    <insert id="insertUser" parameterType="User" >
        insert into users values (#{userid},#{name},#{gender},#{city})
    </insert>
    <update id="updateUser" parameterType="User">
        update users set name=#{name},gender=#{gender},city=#{city} where userid=#{userid}
    </update>
    <delete id="deleteUser" parameterType="String" >
        delete from users where userid =#{userid}
    </delete>
</mapper> -->
